Title,Price,Furnished,Bathroom,Carpet Area,Tenant,Status
"1 BHK Flat  for Rent in Sarjapura, Bangalore","₹32,000",Semi-Furnished,1,643 sqft,Bachelors/Family,Immediately
"1 BHK Flat  for Rent in Mysore Road, Bangalore","₹15,000",Semi-Furnished,1,540 sqft,Bachelors,From May '26
"1 BHK Flat  for Rent in Electronic City, Bangalore","₹10,000",Semi-Furnished,1,345 sqft,Bachelors/Family,Immediately
"1 BHK Flat  for Rent in Sarjapura, Bangalore","₹30,000",Semi-Furnished,1,448 sqft,Bachelors,From Apr '26
"1 BHK Flat  for Rent in Sarjapur Road, Bangalore","₹35,000",Furnished,1,3000 sqft,Bachelors/Family,Immediately
"1 BHK Flat  for Rent in Kadubeesanahalli, Bangalore","₹20,000",Semi-Furnished,1,450 sqft,Bachelors/Family,Immediately
"1 BHK Flat  for Rent in Sarjapura, Bangalore","₹35,000",Semi-Furnished,1,445 sqft,Bachelors/Family,Immediately
1 BHK Flat  for Rent in  Bangalore,"₹15,000",Semi-Furnished,1,400 sqft,Bachelors/Family,Immediately
"1 BHK Flat  for Rent in Sunkadakatte, Bangalore","₹7,000",Furnished,1,250 sqft,Bachelors/Family,Immediately
"1 BHK Flat  for Rent in Phase 2 Electronic City, Bangalore","₹6,500",Semi-Furnished,1,1200 sqft,Bachelors/Family,Immediately
"1 BHK Flat  for Rent in Murgesh Pallya, Bangalore","₹15,000",Semi-Furnished,2,500 sqft,Bachelors/Family,From May '26
"1 BHK Flat  for Rent in RSR Layout, Bangalore","₹7,000",Unfurnished,1,400 sqft,Bachelors/Family,Immediately
"1 BHK Flat  for Rent in Sarjapura, Bangalore","₹24,000",Furnished,1,400 sqft,Bachelors/Family,Immediately
"1 BHK Flat  for Rent in Sarjapur Road, Bangalore","₹9,000",Semi-Furnished,1,450 sqft,Bachelors,Immediately
1 BHK Flat  for Rent in  Bangalore,"₹14,000",Semi-Furnished,1,450 sqft,Bachelors,Immediately
"1 BHK Flat  for Rent in Doddanekundi, Kartik Nagar, Bangalore","₹26,000",Furnished,1,500 sqft,Bachelors/Family,Immediately
"1 BHK Flat  for Rent in Whitefield, Bangalore","₹25,000",Furnished,1,500 sqft,Bachelors/Family,Immediately
"1 BHK Flat  for Rent in Doddakannelli, Bangalore","₹26,500",Furnished,1,450 sqft,Bachelors,Immediately
"1 BHK Flat  for Rent in Whitefield, Bangalore","₹25,000",Semi-Furnished,1,500 sqft,Bachelors/Family,Immediately
"1 BHK Flat  for Rent in Whitefield, Bangalore","₹26,000",Furnished,1,600 sqft,Bachelors/Family,Immediately
"1 BHK Flat  for Rent in Chinmaya Mission Hospital Road, Bangalore","₹25,000",Unfurnished,1,600 sqft,Bachelors,Immediately
"1 BHK Flat  for Rent in Electronic City, Bangalore","₹28,000",Furnished,1,488 sqft,Bachelors,From May '26
"1 BHK Flat  for Rent in Amrita Nagar, Bangalore","₹22,000",Furnished,1,430 sqft,Bachelors,Immediately
"1 BHK Flat  for Rent in Bettadasanapura Main Road, Bangalore","₹18,000",Furnished,1,260 sqft,Bachelors/Family,Immediately
"1 BHK Flat  for Rent in Dommasandra, Bangalore","₹10,000",Furnished,1,666 sqft,Bachelors/Family,Immediately
"1 BHK Flat  for Rent in AECS Layout Marathahalli, Bangalore","₹19,500",Semi-Furnished,1,450 sqft,Bachelors,Immediately
"1 BHK Flat  for Rent in Kadugodi Road, Bangalore","₹18,000",Semi-Furnished,1,550 sqft,Bachelors,Immediately
1 BHK Flat  for Rent in  Bangalore,"₹89,000",Furnished,1,500 sqft,Bachelors/Family,Immediately
"1 BHK Flat  for Rent in Yelahanka, Bangalore","₹18,000",Semi-Furnished,1,600 sqft,Bachelors/Family,Immediately
"1 BHK Flat  for Rent in Devanahalli, Bangalore","₹23,000",Furnished,1,232 sqft,Bachelors/Family,Immediately
"1 BHK Flat  for Rent in Jakkasandra Koramangala, Bangalore","₹25,000",Semi-Furnished,1,600 sqft,Bachelors,Immediately
"1 BHK Flat  for Rent in Garvebhavi Palya, Bangalore","₹7,000",Semi-Furnished,1,400 sqft,Bachelors/Family,Immediately
"1 BHK Flat  for Rent in Phase 8th JP Nagar, Bangalore","₹15,000",Semi-Furnished,1,650 sqft,Bachelors,Immediately
"1 BHK Flat  for Rent in Sector 2 HSR Layout, Bangalore","₹22,000",Unfurnished,1,600 sqft,Bachelors,Immediately
"1 BHK Flat  for Rent in Phase 2 Electronic City, Bangalore","₹10,000",Semi-Furnished,1,425 sqft,Bachelors/Family,Immediately
"1 BHK Flat  for Rent in Seegehalli, Bangalore","₹16,900",Semi-Furnished,1,650 sqft,Bachelors/Family,Immediately
"1 BHK Flat  for Rent in Vidyaranyapura, Bangalore","₹15,000",Semi-Furnished,1,750 sqft,Bachelors/Family,Immediately
"1 BHK Flat  for Rent in Kadugodi, Bangalore","₹13,000",Furnished,1,450 sqft,Bachelors/Family,Immediately
"1 BHK Flat  for Rent in Stage 6th Banashankari, Bangalore","₹23,000",Semi-Furnished,1,589 sqft,Bachelors/Family,Immediately
"1 BHK Flat  for Rent in Mico Layout Hongasandra, Bangalore","₹7,500",Furnished,1,900 sqft,Bachelors/Family,Immediately
"1 BHK Flat  for Rent in Sector 1st HSR Layout, Bangalore","₹35,000",Semi-Furnished,1,600 sqft,Bachelors,Immediately
"1 BHK Flat  for Rent in Bellandur, Outer Ring Road, Bangalore","₹36,500",Furnished,1,550 sqft,Bachelors,Immediately
"1 BHK Flat  for Rent in ITI Layout HSR Layout, Bangalore","₹32,000",Furnished,1,Immediately,Bachelors/Family,Same Premise
"1 BHK Flat  for Rent in Whitefield, Bangalore","₹30,000",Furnished,1,430 sqft,Bachelors/Family,Immediately
"1 BHK Flat  for Rent in Phase 8th JP Nagar, Bangalore","₹13,000",Semi-Furnished,1,400 sqft,Bachelors/Family,Immediately
"1 BHK Flat  for Rent in Prasanti Nagar, ISRO Layout, Bangalore","₹15,500",Semi-Furnished,1,400 sqft,Bachelors/Family,Immediately
"1 BHK Flat  for Rent in ITI Layout HSR Layout, Bangalore","₹21,900",Semi-Furnished,1,750 sqft,Bachelors/Family,Immediately
"1 BHK Flat  for Rent in Hunasamaranahalli, Bangalore-Hyderabad Hwy, Bangalore",Call for Price,Unfurnished,1,600 sqft,Bachelors/Family,Immediately
"1 BHK Flat  for Rent in Brigade Road, Bangalore","₹31,000",Semi-Furnished,1,800 sqft,Bachelors,Immediately
"1 BHK Flat  for Rent in Jalahalli, Jalahalli, Outer Ring Road, Bangalore","₹26,000",Semi-Furnished,1,406 sqft,Bachelors,Immediately
"1 BHK Flat  for Rent in HAL Old Airport Road, Bangalore","₹14,000",Furnished,1,710 sqft,Bachelors,Immediately
"1 BHK Flat  for Rent in Nandini Layout, Bangalore","₹7,500",Semi-Furnished,1,1200 sqft,Bachelors/Family,Immediately
"1 BHK Flat  for Rent in Sector 5th HSR Layout, Bangalore","₹15,000",Semi-Furnished,1,450 sqft,Bachelors,Immediately
"1 BHK Flat  for Rent in Yemalur, Bellandur, Bangalore","₹45,000",Semi-Furnished,1,615 sqft,Bachelors,Immediately
"1 BHK Flat  for Rent in Btm Layout, Bangalore","₹22,000",Semi-Furnished,1,850 sqft,Bachelors,Immediately
"1 BHK Flat  for Rent in Neeladri Nagar, Bangalore","₹13,000",Semi-Furnished,1,400 sqft,Bachelors/Family,Immediately
"1 BHK Flat  for Rent in Whitefield, Bangalore","₹31,000",Semi-Furnished,1,600 sqft,Bachelors/Family,Immediately
"1 BHK Flat  for Rent in Doddanekundi Main Road, Bangalore","₹21,000",Semi-Furnished,1,640 sqft,Bachelors/Family,Immediately
"1 BHK Flat  for Rent in Hebbal, Bangalore","₹14,000",Furnished,1,710 sqft,Bachelors,Immediately
"1 BHK Flat  for Rent in Marathahalli, Bangalore","₹13,000",Furnished,2,710 sqft,Bachelors,Immediately
"1 BHK Flat  for Rent in Kurubarahalli Basaveshwar Nagar, Bangalore","₹12,500",Furnished,1,454 sqft,Bachelors/Family,Immediately
"1 BHK Flat  for Rent in Begur, Bangalore","₹6,000",Semi-Furnished,1,725 sqft,Bachelors/Family,Immediately
"1 BHK Flat  for Rent in Panathur, Bangalore","₹35,000",Semi-Furnished,1,650 sqft,Bachelors/Family,Immediately
"1 BHK Flat  for Rent in Krishnarajapura, Bangalore","₹8,000",Furnished,1,400 sqft,Bachelors/Family,Immediately
"1 BHK Flat  for Rent in Whitefield, Bangalore","₹13,000",Furnished,1,800 sqft,Bachelors,Immediately
"1 BHK Flat  for Rent in Maragondanahalli, Bangalore","₹8,000",Semi-Furnished,1,520 sqft,Bachelors,Immediately
"1 BHK Flat  for Rent in Sarjapura, Bangalore","₹27,000",Semi-Furnished,1,442 sqft,Bachelors/Family,Immediately
"1 BHK Flat  for Rent in Block 2nd HBR Layout, Bangalore","₹9,000",Semi-Furnished,1,Immediately,Bachelors/Family,Same Premise
"1 BHK Flat  for Rent in Sector 5th HSR Layout, Bangalore","₹15,000",Semi-Furnished,1,600 sqft,Bachelors,Immediately
"1 BHK Flat  for Rent in Neelasandra, Bangalore","₹10,000",Semi-Furnished,1,500 sqft,Bachelors/Family,Immediately
"1 BHK Flat  for Rent in Itpl, Whitefield, Bangalore","₹42,000",Furnished,1,782 sqft,Bachelors/Family,From May '26
"1 BHK Flat  for Rent in Block A AECS Layout, Bangalore","₹25,000",Furnished,1,500 sqft,Bachelors/Family,Immediately
"1 BHK Flat  for Rent in Basapura, Bangalore","₹8,500",Unfurnished,1,900 sqft,Bachelors/Family,Immediately
"1 BHK Flat  for Rent in Thanisandra, Bangalore","₹26,000",Semi-Furnished,1,760 sqft,Bachelors,Immediately
"1 BHK Flat  for Rent in Phase 1 Electronics City, Bangalore","₹17,500",Semi-Furnished,1,685 sqft,Bachelors/Family,Immediately
"1 BHK Flat  for Rent in Sarjapur Road, Bangalore","₹16,000",Furnished,1,804 sqft,Bachelors,Immediately
1 BHK Flat  for Rent in  Bangalore,"₹10,000",Semi-Furnished,1,550 sqft,Bachelors/Family,Immediately
1 BHK Flat  for Rent in  Bangalore,"₹18,000",Semi-Furnished,1,700 sqft,Bachelors/Family,Immediately
"1 BHK Flat  for Rent in Marathahalli, Bangalore",₹19 Cr,Semi-Furnished,1,500 sqft,Bachelors/Family,Immediately
"1 BHK Flat  for Rent in Whitefield, Bangalore","₹6,000",Semi-Furnished,1,600 sqft,Bachelors/Family,Immediately
"1 BHK Flat  for Rent in Btm Layout, Bangalore","₹26,000",Furnished,1,920 sqft,Bachelors,Immediately
"1 BHK Flat  for Rent in Hsr Layout, Bangalore","₹21,000",Semi-Furnished,1,450 sqft,Bachelors/Family,Immediately
"1 BHK Flat  for Rent in Kurubarahalli, Bangalore","₹8,500",Unfurnished,1,400 sqft,Bachelors/Family,Immediately
"1 BHK Flat  for Rent in Vignan Nagar, Bangalore","₹21,000",Semi-Furnished,1,500 sqft,Bachelors/Family,Immediately
"1 BHK Flat  for Rent in Sarjapura, Bangalore","₹30,000",Semi-Furnished,1,447 sqft,Bachelors/Family,Immediately
"1 BHK Flat  for Rent in Vignan Nagar, Bangalore","₹20,000",Semi-Furnished,1,500 sqft,Bachelors,Immediately
"1 BHK Flat  for Rent in Sarjapur Road, Bangalore","₹32,000",Semi-Furnished,1,450 sqft,Bachelors/Family,Immediately
"1 BHK Flat  for Rent in Kambipura, Bangalore","₹8,000",Semi-Furnished,1,500 sqft,Bachelors,Immediately
"1 BHK Flat  for Rent in Bannerghatta Main Road, Bangalore","₹35,000",Furnished,1,600 sqft,Bachelors/Family,Immediately
"1 BHK Flat  for Rent in Varthur Lake Road, Bangalore","₹35,000",Semi-Furnished,1,615 sqft,Bachelors/Family,Immediately
"1 BHK Flat  for Rent in Gunjur, Bangalore","₹14,500",Semi-Furnished,1,500 sqft,Bachelors/Family,Immediately
"1 BHK Flat  for Rent in Virat Nagar, Bommanahalli, Bangalore","₹13,000",Semi-Furnished,1,500 sqft,Bachelors,Immediately
"1 BHK Flat  for Rent in Thanisandra Main Road, Bangalore","₹14,000",Furnished,1,650 sqft,Bachelors,Immediately
"1 BHK Flat  for Rent in Murgesh Pallya, Bangalore","₹30,000",Semi-Furnished,1,693 sqft,Bachelors/Family,Immediately
"1 BHK Flat  for Rent in Vignan Nagar, Bangalore","₹23,000",Semi-Furnished,1,508 sqft,Bachelors,Immediately
"1 BHK Flat  for Rent in Sai Colony, Krishnarajapura, Bangalore","₹17,000",Furnished,1,600 sqft,Bachelors,Immediately
"1 BHK Flat  for Rent in CV Raman Nagar Kaggadasapura, Bangalore","₹24,000",Semi-Furnished,1,500 sqft,Bachelors,Immediately
"1 BHK Flat  for Rent in Electronic City, Bangalore",Call for Price,Unfurnished,1,700 sqft,Bachelors/Family,Immediately
"1 BHK Flat  for Rent in Murgesh Pallya, Bangalore","₹25,000",Semi-Furnished,1,633 sqft,Bachelors/Family,Immediately
"1 BHK Flat  for Rent in Maruthi Sevanagar, Bangalore","₹7,500",Semi-Furnished,1,380 sqft,Bachelors/Family,Immediately
1 BHK Flat  for Rent in  Bangalore,"₹12,000",Furnished,1,350 sqft,Bachelors/Family,Immediately
"1 BHK Flat  for Rent in Marathahalli, Bangalore","₹20,000",Semi-Furnished,1,600 sqft,Bachelors/Family,Immediately
"1 BHK Flat  for Rent in Sarjapura, Bangalore","₹15,000",Furnished,1,532 sqft,Bachelors,Immediately
"1 BHK Flat  for Rent in Arekere, Bangalore","₹15,500",Semi-Furnished,1,480 sqft,Bachelors,Immediately
1 BHK Flat  for Rent in  Bangalore,Call for Price,1,Bachelors/Family,1,Immediately,3
"1 BHK Flat  for Rent in Varthur, Bangalore","₹9,000",Semi-Furnished,1,600 sqft,Bachelors/Family,Immediately
"1 BHK Flat  for Rent in Hulimavu, Bangalore","₹13,000",Semi-Furnished,1,900 sqft,Bachelors/Family,Immediately
"1 BHK Flat  for Rent in Sarjapur Road, Bangalore","₹25,000",Semi-Furnished,1,640 sqft,Bachelors,Immediately
"1 BHK Flat  for Rent in Murgesh Pallya, Bangalore","₹22,000",Semi-Furnished,1,613 sqft,Bachelors/Family,Immediately
"1 BHK Flat  for Rent in Doddajala, Bangalore-Hyderabad Hwy, Bangalore","₹6,000",Unfurnished,1,400 sqft,Bachelors/Family,Immediately
"1 BHK Flat  for Rent in Whitefield, Bangalore","₹32,000",Semi-Furnished,1,670 sqft,Bachelors/Family,Immediately
"1 BHK Flat  for Rent in J P Nagar, Bangalore","₹12,000",Furnished,1,810 sqft,Bachelors/Family,Immediately
1 BHK Flat  for Rent in  Bangalore,Call for Price,Semi-Furnished,1,400 sqft,Bachelors,Immediately
"1 BHK Flat  for Rent in Whitefield, Bangalore","₹45,000",Semi-Furnished,1,372 sqft,Bachelors,Immediately
"1 BHK Flat  for Rent in Whitefield, Bangalore","₹14,000",Furnished,1,650 sqft,Bachelors,Immediately
"1 BHK Flat  for Rent in Varthur, Bangalore","₹35,000",Semi-Furnished,1,542 sqft,Family,Immediately
"1 BHK Flat  for Rent in Adugodi, Bangalore","₹15,000",Semi-Furnished,1,600 sqft,Bachelors/Family,Immediately
"1 BHK Flat  for Rent in Marathahalli, Bangalore","₹16,000",Semi-Furnished,1,600 sqft,Bachelors/Family,Immediately
"1 BHK Flat  for Rent in Btm Layout, Bangalore","₹10,000",Semi-Furnished,1,550 sqft,Bachelors/Family,Immediately
"1 BHK Flat  for Rent in Krishnarajapura, Bangalore","₹9,000",Unfurnished,1,550 sqft,Bachelors,Immediately
"1 BHK Flat  for Rent in Sector 5th HSR Layout, Bangalore","₹26,000",Semi-Furnished,1,650 sqft,Bachelors/Family,Immediately
"1 BHK Flat  for Rent in Marathahalli, Bangalore",Call for Price,Semi-Furnished,1,650 sqft,Bachelors/Family,Immediately
"1 BHK Flat  for Rent in Phase 2 Electronic City, Bangalore","₹10,500",Unfurnished,1,500 sqft,Bachelors/Family,From May '26
"1 BHK Flat  for Rent in Indiranagar, Bangalore","₹23,500",Semi-Furnished,1,500 sqft,Bachelors,Immediately
"1 BHK Flat  for Rent in Mahadevapura, Bangalore","₹23,000",Semi-Furnished,1,500 sqft,Bachelors,Immediately
"1 BHK Flat  for Rent in Phase 4 Shivagiri Township, Bangalore","₹15,000",Semi-Furnished,1,650 sqft,Bachelors/Family,Immediately
"1 BHK Flat  for Rent in Yemalur, Bellandur, Bangalore",Call for Price,Unfurnished,1,550 sqft,Bachelors,Immediately
"1 BHK Flat  for Rent in Phase 2 Electronic City, Bangalore","₹25,000",Semi-Furnished,1,750 sqft,Bachelors,Immediately
"1 BHK Flat  for Rent in Banaswadi, Bangalore","₹24,000",Semi-Furnished,1,500 sqft,Bachelors/Family,Immediately
"1 BHK Flat  for Rent in Ecc Road, Whitefield, Bangalore","₹24,500",Furnished,1,400 sqft,Bachelors,Immediately
"1 BHK Flat  for Rent in Sector 1st HSR Layout, Bangalore","₹22,000",Semi-Furnished,1,600 sqft,Bachelors/Family,Immediately
"1 BHK Flat  for Rent in Sarjapur Road, Bangalore","₹25,000",Semi-Furnished,1,605 sqft,Bachelors,Immediately
"1 BHK Flat  for Rent in Adugodi, Bangalore","₹16,016",Semi-Furnished,1,600 sqft,Bachelors/Family,Immediately
"1 BHK Flat  for Rent in Kudlu, Bangalore","₹12,500",Semi-Furnished,1,350 sqft,Bachelors/Family,Immediately
"1 BHK Flat  for Rent in Vaderahalli, Bangalore","₹7,000",Unfurnished,1,400 sqft,Bachelors/Family,Immediately
"1 BHK Flat  for Rent in Budigere, Bangalore","₹33,000",Semi-Furnished,1,664 sqft,Bachelors/Family,From May '26
"1 BHK Flat  for Rent in B Narayanapura, Mahadevapura, Bangalore","₹26,000",Semi-Furnished,1,700 sqft,Bachelors/Family,Immediately
"1 BHK Flat  for Rent in Varthur, Bangalore","₹35,000",Semi-Furnished,1,485 sqft,Bachelors/Family,Immediately
"1 BHK Flat  for Rent in Kasturi Nagar, Bangalore","₹18,000",Semi-Furnished,1,750 sqft,Bachelors/Family,Immediately
"1 BHK Flat  for Rent in Kogilu, Bangalore","₹25,000",Semi-Furnished,1,420 sqft,Bachelors,Immediately
"1 BHK Flat  for Rent in Phase 1 Electronics City, Bangalore","₹30,000",Semi-Furnished,1,457 sqft,Bachelors,Immediately
"1 BHK Flat  for Rent in Bellandur, Outer Ring Road, Bangalore","₹75,000",Bachelors/Family,Immediately,NA,450 sqft,NA
"1 BHK Flat  for Rent in Block 4th M Rajajinagar, Bangalore","₹33,000",Semi-Furnished,1,400 sqft,Bachelors,Immediately
"1 BHK Flat  for Rent in Vignan Nagar, Bangalore","₹24,000",Semi-Furnished,1,500 sqft,Bachelors,Immediately
"1 BHK Flat  for Rent in Bammanahalli, Bangalore","₹10,000",Unfurnished,1,500 sqft,Bachelors/Family,Immediately
"1 BHK Flat  for Rent in Byraveshwaranagar, Bangalore",₹3 Lac,Unfurnished,1,480 sqft,Bachelors/Family,Immediately
"1 BHK Flat  for Rent in Varthur Road, Bangalore","₹24,500",Furnished,1,500 sqft,Bachelors/Family,Immediately
"1 BHK Flat  for Rent in Borewell Road, Bangalore","₹24,000",Unfurnished,1,750 sqft,Bachelors/Family,Immediately
"1 BHK Flat  for Rent in Btm Layout, Bangalore","₹14,000",Furnished,1,616 sqft,Bachelors,Immediately
"1 BHK Flat  for Rent in Phase 8th JP Nagar, Bangalore","₹12,000",Semi-Furnished,1,600 sqft,Bachelors/Family,Immediately
"1 BHK Flat  for Rent in Sarjapura, Bangalore","₹32,000",Semi-Furnished,1,644 sqft,Bachelors/Family,Immediately
"1 BHK Flat  for Rent in Mariyannapalya, Bangalore","₹13,500",Semi-Furnished,1,500 sqft,Bachelors/Family,Immediately
"1 BHK Flat  for Rent in RT Nagar, Bangalore","₹15,000",Semi-Furnished,1,550 sqft,Bachelors/Family,Immediately
"1 BHK Flat  for Rent in Bagaluru, Bangalore","₹5,500",Semi-Furnished,1,500 sqft,Bachelors,Immediately
"1 BHK Flat  for Rent in Kaikondrahalli, Bangalore","₹12,000",Unfurnished,1,250 sqft,Bachelors/Family,Immediately
1 BHK Flat  for Rent in  Bangalore,"₹5,500",Semi-Furnished,1,300 sqft,Bachelors/Family,Immediately
1 BHK Flat  for Rent in  Bangalore,"₹11,000",Semi-Furnished,1,600 sqft,Bachelors/Family,Immediately
"1 BHK Flat  for Rent in Whitefield, Bangalore","₹15,000",Semi-Furnished,1,400 sqft,Bachelors/Family,Immediately
1 BHK Flat  for Rent in  Bangalore,"₹15,000",Furnished,1,530 sqft,Bachelors/Family,Immediately
"1 BHK Flat  for Rent in Sector 7 HSR Layout, Bangalore","₹20,000",Semi-Furnished,1,401 sqft,Bachelors/Family,Immediately
"1 BHK Flat  for Rent in Sector 7 HSR Layout, Bangalore","₹24,000",Unfurnished,1,401 sqft,Bachelors/Family,Immediately
"1 BHK Flat  for Rent in Doddanekundi, Kartik Nagar, Bangalore","₹22,000",Semi-Furnished,1,620 sqft,Bachelors,Immediately
"1 BHK Flat  for Rent in Anekal, Bangalore","₹15,000",Semi-Furnished,1,605 sqft,Bachelors,Immediately
"1 BHK Flat  for Rent in Whitefield Main Road, Bangalore","₹30,000",Furnished,1,450 sqft,Bachelors,Immediately
"1 BHK Flat  for Rent in Royal Residency Layout, Bangalore","₹15,000",Semi-Furnished,1,420 sqft,Bachelors/Family,Immediately
"1 BHK Flat  for Rent in Dwarka Nagar, Kattigenahalli, Bangalore","₹8,500",Unfurnished,1,650 sqft,Bachelors/Family,Immediately
"1 BHK Flat  for Rent in Banashankari, Bangalore","₹11,000",Semi-Furnished,1,500 sqft,Bachelors/Family,From May '26
"1 BHK Flat  for Rent in Subbannaiah Palya, Bangalore","₹14,000",Semi-Furnished,1,700 sqft,Bachelors/Family,Immediately
"1 BHK Flat  for Rent in Phase 5 JP Nagar, Bangalore","₹16,000",Semi-Furnished,1,600 sqft,Bachelors,Immediately
"1 BHK Flat  for Rent in Stage 2nd BTM Layout, Bangalore","₹10,000",Semi-Furnished,1,700 sqft,Bachelors/Family,Immediately
"1 BHK Flat  for Rent in Kaikondrahalli, Bangalore","₹15,500",Semi-Furnished,1,750 sqft,Bachelors/Family,Immediately
"1 BHK Flat  for Rent in Mahadevapura, Bangalore","₹32,000",Furnished,1,690 sqft,Bachelors,Immediately
"1 BHK Flat  for Rent in Tavarekere Suddagunte Palya, Bangalore","₹13,500",Semi-Furnished,1,350 sqft,Bachelors/Family,Immediately
1 BHK Flat  for Rent in  Bangalore,"₹10,000",Semi-Furnished,1,200 sqft,Bachelors/Family,From May '26
"1 BHK Flat  for Rent in Immadihalli Main Road, Bangalore","₹17,000",Semi-Furnished,1,800 sqft,Bachelors/Family,Immediately
"1 BHK Flat  for Rent in Marathahalli, Bangalore","₹14,000",Furnished,2,710 sqft,Bachelors,Immediately
"1 BHK Flat  for Rent in Marathahalli, Bangalore","₹6,000",Semi-Furnished,1,120 sqft,Bachelors/Family,Immediately
"1 BHK Flat  for Rent in J P Nagar, Bangalore","₹16,000",Semi-Furnished,1,400 sqft,Bachelors/Family,Immediately
"1 BHK Flat  for Rent in Electronic City, Bangalore","₹8,000",Unfurnished,1,500 sqft,Bachelors/Family,Immediately
"1 BHK Flat  for Rent in Ombr Layout, Banaswadi, Bangalore","₹9,000",Semi-Furnished,1,250 sqft,Bachelors/Family,Immediately
"1 BHK Flat  for Rent in Tumkur Road, Bangalore","₹28,000",Semi-Furnished,1,607 sqft,Bachelors,Immediately
"1 BHK Flat  for Rent in Amrita Nagar, Bangalore","₹22,000",Furnished,1,450 sqft,Bachelors/Family,Immediately
"1 BHK Flat  for Rent in Electronic City, Bangalore","₹8,000",Semi-Furnished,1,300 sqft,Bachelors/Family,Immediately
"1 BHK Flat  for Rent in Hsr Layout, Bangalore","₹24,500",Semi-Furnished,1,600 sqft,Bachelors/Family,Immediately
"1 BHK Flat  for Rent in Hebbal, Bangalore","₹45,000",Furnished,1,450 sqft,Bachelors,Immediately
"1 BHK Flat  for Rent in Phase 7 JP Nagar, Bangalore","₹15,000",Semi-Furnished,1,400 sqft,Bachelors,Immediately
"1 BHK Flat  for Rent in Doddanekundi, Kartik Nagar, Bangalore","₹30,000",Furnished,1,600 sqft,Bachelors/Family,Immediately
"1 BHK Flat  for Rent in Jaibharath Nagar, Bangalore","₹23,000",Furnished,1,1000 sqft,Bachelors,Immediately
"1 BHK Flat  for Rent in Sarjapura, Bangalore","₹18,000",Furnished,1,450 sqft,Bachelors/Family,Immediately
"1 BHK Flat  for Rent in Sector 5th HSR Layout, Bangalore","₹25,000",Semi-Furnished,1,650 sqft,Bachelors/Family,Immediately
"1 BHK Flat  for Rent in Suryanagar, Bangalore","₹7,500",Unfurnished,1,400 sqft,Bachelors/Family,Immediately
"1 BHK Flat  for Rent in Basavanapura Krishnarajapura, Bangalore","₹38,000",Semi-Furnished,1,454 sqft,Family,Immediately
"1 BHK Flat  for Rent in Amrita Nagar, Bangalore","₹22,000",Furnished,1,430 sqft,Bachelors,Immediately
"1 BHK Flat  for Rent in Immadihalli Main Road, Bangalore","₹16,000",Semi-Furnished,1,700 sqft,Bachelors/Family,Immediately
1 BHK Flat  for Rent in  Bangalore,"₹11,000",Semi-Furnished,1,700 sqft,Bachelors/Family,Immediately
"1 BHK Flat  for Rent in Stage 2 Indiranagar, Bangalore","₹26,000",Semi-Furnished,1,500 sqft,Bachelors/Family,Immediately
"1 BHK Flat  for Rent in Whitefield, Bangalore","₹16,000",Semi-Furnished,1,200 sqft,Bachelors,Immediately
"1 BHK Flat  for Rent in Sarjapur Road, Bangalore","₹28,000",Semi-Furnished,1,638 sqft,Bachelors,Immediately
"1 BHK Flat  for Rent in Sarjapur Road, Bangalore","₹27,000",Semi-Furnished,1,638 sqft,Bachelors,Immediately
"1 BHK Flat  for Rent in Stage 2nd BTM Layout, Bangalore","₹16,500",Semi-Furnished,1,950 sqft,Bachelors,Immediately
"1 BHK Flat  for Rent in Sector 3 HSR Layout, Bangalore","₹25,000",Furnished,1,500 sqft,Bachelors/Family,Immediately
"1 BHK Flat  for Rent in Whitefield, Bangalore","₹16,000",Semi-Furnished,1,200 sqft,Bachelors,Immediately
"1 BHK Flat  for Rent in Sector 3 HSR Layout, Bangalore","₹18,000",Semi-Furnished,1,550 sqft,Bachelors/Family,Immediately
"1 BHK Flat  for Rent in Green Glen Layout, Bellandur, Bangalore","₹28,000",Semi-Furnished,1,Immediately,Bachelors/Family,Same Premise
"1 BHK Flat  for Rent in Bagalur Main Road, Bangalore","₹24,000",Furnished,1,4200 sqft,Bachelors,Immediately
"1 BHK Flat  for Rent in Whitefield, Bangalore","₹20,000",Semi-Furnished,1,200 sqft,Bachelors,Immediately
"1 BHK Flat  for Rent in Sarjapur Road, Bangalore","₹35,000",Semi-Furnished,1,586 sqft,Bachelors/Family,Immediately
"1 BHK Flat  for Rent in Doddakallasandra, Konanakunte, Bangalore","₹9,000",Semi-Furnished,1,200 sqft,Bachelors/Family,Immediately
"1 BHK Flat  for Rent in Sathnur Village, Bangalore","₹21,000",Semi-Furnished,1,500 sqft,Bachelors/Family,Immediately
"1 BHK Flat  for Rent in Whitefield, Bangalore","₹17,000",Semi-Furnished,1,200 sqft,Bachelors,Immediately
"1 BHK Flat  for Rent in Talaghattapura, Bangalore","₹22,000",Semi-Furnished,1,444 sqft,Bachelors/Family,Immediately
"1 BHK Flat  for Rent in Stage 2nd BTM Layout, Bangalore","₹20,000",Semi-Furnished,1,850 sqft,Bachelors,Immediately
1 BHK Flat  for Rent in  Bangalore,"₹9,000",Semi-Furnished,1,120 sqft,Bachelors/Family,Immediately
"1 BHK Flat  for Rent in Adde Vishwanathapura, Bangalore","₹8,000",Semi-Furnished,1,500 sqft,Bachelors/Family,Immediately
"1 BHK Flat  for Rent in Begur Road, Bangalore","₹21,000",Furnished,1,370 sqft,Bachelors/Family,Immediately
"1 BHK Flat  for Rent in Hsr Layout, Bangalore","₹23,000",Unfurnished,1,750 sqft,Bachelors,Immediately
"1 BHK Flat  for Rent in Kadugodi, Bangalore","₹14,000",Unfurnished,1,450 sqft,Bachelors/Family,Immediately
"1 BHK Flat  for Rent in Domlur Village, Domlur, Bangalore","₹25,000",Semi-Furnished,1,500 sqft,Bachelors,Immediately
"1 BHK Flat  for Rent in Koramangala, Bangalore","₹15,000",Furnished,1,640 sqft,Bachelors,Immediately
"1 BHK Flat  for Rent in Whitefield Main Road, Bangalore","₹25,000",Furnished,1,600 sqft,Bachelors,Immediately
"1 BHK Flat  for Rent in Malleshwaram, Bangalore","₹25,000",Semi-Furnished,1,650 sqft,Bachelors,Immediately
"1 BHK Flat  for Rent in Block 1st Koramangala, Bangalore","₹13,000",Unfurnished,1,350 sqft,Bachelors/Family,Immediately
"1 BHK Flat  for Rent in Sector 5th HSR Layout, Bangalore","₹26,000",Semi-Furnished,1,650 sqft,Bachelors/Family,Immediately
"1 BHK Flat  for Rent in Varthur, Bangalore","₹39,000",Semi-Furnished,1,485 sqft,Bachelors,Immediately
"1 BHK Flat  for Rent in Hebbal, Bangalore","₹42,000",Furnished,1,380 sqft,Bachelors/Family,Immediately
"1 BHK Flat  for Rent in Sarjapur Road, Bangalore","₹12,000",Furnished,1,804 sqft,Bachelors/Family,Immediately
"1 BHK Flat  for Rent in Yemalur Main Road, Bangalore","₹24,900",Semi-Furnished,1,650 sqft,Bachelors/Family,Immediately
"1 BHK Flat  for Rent in Kadubeesanahalli Road, Bangalore","₹36,000",Furnished,1,530 sqft,Bachelors,Immediately
"1 BHK Flat  for Rent in Hsr Layout, Bangalore","₹40,000",Semi-Furnished,1,650 sqft,Bachelors/Family,Immediately
"1 BHK Flat  for Rent in Manorayana Palya, Bangalore",Call for Price,Furnished,2,350 sqft,Bachelors/Family,Immediately
"1 BHK Flat  for Rent in Geethanjali Layout, Bangalore","₹35,000",Semi-Furnished,1,700 sqft,Bachelors/Family,Immediately
"1 BHK Flat  for Rent in Sarjapur Road, Bangalore","₹36,000",Furnished,1,650 sqft,Bachelors/Family,From May '26
"1 BHK Flat  for Rent in Stage 1 BTM Layout, Bangalore","₹18,000",Semi-Furnished,1,500 sqft,Bachelors,Immediately
"1 BHK Flat  for Rent in Sarjapura, Bangalore","₹30,000",Semi-Furnished,1,666 sqft,Bachelors/Family,Immediately
"1 BHK Flat  for Rent in Stage 2 Indiranagar, Bangalore","₹25,000",Semi-Furnished,1,700 sqft,Bachelors/Family,Immediately
"1 BHK Flat  for Rent in Mahalakshmipuram Layout, Mahalakshmipuram, Bangalore","₹21,000",Semi-Furnished,1,600 sqft,Bachelors/Family,Immediately
1 BHK Flat  for Rent in  Bangalore,Call for Price,Semi-Furnished,1,500 sqft,Bachelors/Family,Immediately
1 BHK Flat  for Rent in  Bangalore,"₹23,000",Furnished,1,850 sqft,Bachelors,Immediately
"1 BHK Flat  for Rent in Stage 2nd BTM Layout, Bangalore","₹27,500",Semi-Furnished,1,600 sqft,Bachelors,Immediately
"1 BHK Flat  for Rent in Stage 1 BTM Layout, Bangalore","₹22,000",Semi-Furnished,1,510 sqft,Bachelors/Family,Immediately
"1 BHK Flat  for Rent in Sector 3 HSR Layout, Bangalore","₹20,000",Semi-Furnished,1,600 sqft,Bachelors/Family,Immediately
"1 BHK Flat  for Rent in Chikka Adugodi, Sadduguntepalya, Bangalore","₹12,000",Semi-Furnished,1,300 sqft,Bachelors/Family,Immediately
"1 BHK Flat  for Rent in Balagere Road, Bangalore","₹16,000",Semi-Furnished,1,400 sqft,Bachelors/Family,Immediately
"1 BHK Flat  for Rent in Varthur, Bangalore","₹45,000",Semi-Furnished,1,888 sqft,Bachelors/Family,Immediately
"1 BHK Flat  for Rent in Alur, Bangalore","₹4,800",Semi-Furnished,1,500 sqft,Bachelors/Family,Immediately
"1 BHK Flat  for Rent in Neeladri Nagar, Bangalore","₹15,000",Semi-Furnished,1,600 sqft,Family,Immediately
"1 BHK Flat  for Rent in Sarjapura, Bangalore","₹35,000",Semi-Furnished,1,445 sqft,Bachelors/Family,Immediately
"1 BHK Flat  for Rent in Pai Layout Hulimavu, Bangalore","₹18,000",Semi-Furnished,1,600 sqft,Bachelors/Family,Immediately
"1 BHK Flat  for Rent in Thanisandra Main Road, Bangalore","₹14,000",Furnished,1,650 sqft,Bachelors,Immediately
"1 BHK Flat  for Rent in Marathahalli, Bangalore","₹14,000",Furnished,1,650 sqft,Bachelors,Immediately
"1 BHK Flat  for Rent in Bommanahalli, Bangalore","₹6,000",Unfurnished,1,550 sqft,Bachelors/Family,Immediately
"1 BHK Flat  for Rent in Whitefield, Bangalore","₹17,000",Furnished,1,587 sqft,Bachelors/Family,Immediately
"1 BHK Flat  for Rent in Whitefield, Bangalore","₹45,000",Semi-Furnished,3,1108 sqft,Bachelors/Family,Immediately
"1 BHK Flat  for Rent in Koramangala, Bangalore","₹23,000",Semi-Furnished,1,550 sqft,Bachelors,Immediately
"1 BHK Flat  for Rent in Koramangala, Bangalore","₹12,000",Furnished,1,650 sqft,Bachelors,Immediately
"1 BHK Flat  for Rent in Ulsoor Road, Bangalore","₹13,000",Semi-Furnished,1,300 sqft,Bachelors,Immediately
"1 BHK Flat  for Rent in Sector 6 HSR Layout, Bangalore","₹20,000",Semi-Furnished,1,650 sqft,Bachelors/Family,Immediately
"1 BHK Flat  for Rent in Phase 6 JP Nagar, Bangalore","₹13,500",Semi-Furnished,1,550 sqft,Bachelors/Family,Immediately
"1 BHK Flat  for Rent in Ashraya Layout Garudachar Palya, Bangalore","₹25,000",Semi-Furnished,1,546 sqft,Bachelors/Family,From May '26
"1 BHK Flat  for Rent in Rajajinagar, Bangalore","₹14,000",Furnished,1,650 sqft,Bachelors,Immediately
"1 BHK Flat  for Rent in Sector 3 HSR Layout, Bangalore","₹14,500",Semi-Furnished,1,510 sqft,Bachelors,Immediately
"1 BHK Flat  for Rent in Whitefield, Bangalore","₹40,000",Semi-Furnished,1,650 sqft,Bachelors,Immediately
"1 BHK Flat  for Rent in Varthur, Bangalore","₹38,000",Semi-Furnished,1,485 sqft,Bachelors,Immediately
"1 BHK Flat  for Rent in Munnekollal, Bangalore","₹23,000",Semi-Furnished,1,600 sqft,Bachelors,Immediately
"1 BHK Flat  for Rent in Whitefield, Bangalore","₹22,000",Semi-Furnished,1,520 sqft,Bachelors,Immediately
"1 BHK Flat  for Rent in Whitefield, Bangalore","₹25,000",Semi-Furnished,1,540 sqft,Bachelors,Immediately
"1 BHK Flat  for Rent in Bagalur Main Road, Bangalore","₹18,000",Semi-Furnished,1,345 sqft,Bachelors,Immediately
"1 BHK Flat  for Rent in Varthur, Bangalore","₹27,000",Semi-Furnished,1,350 sqft,Bachelors/Family,Immediately
"1 BHK Flat  for Rent in Thubarahalli, Whitefield, Bangalore","₹18,000",Semi-Furnished,1,450 sqft,Bachelors/Family,Immediately
"1 BHK Flat  for Rent in Stage 1 BTM Layout, Bangalore","₹25,000",Furnished,1,900 sqft,Bachelors,Immediately
"1 BHK Flat  for Rent in Sarjapura, Bangalore","₹32,000",Semi-Furnished,2,400 sqft,Bachelors/Family,Immediately
"1 BHK Flat  for Rent in Nti Layout Rajiv Gandhi Nagar, Bangalore","₹18,000",Semi-Furnished,1,700 sqft,Bachelors/Family,Immediately
"1 BHK Flat  for Rent in Begur Road, Bangalore","₹22,000",Semi-Furnished,1,376 sqft,Bachelors/Family,Immediately
"1 BHK Flat  for Rent in Karthik Nagar, Bangalore","₹24,000",Furnished,1,600 sqft,Bachelors/Family,Immediately
"1 BHK Flat  for Rent in Stage 2 Kumaraswamy Layout, Bangalore","₹12,000",Furnished,1,800 sqft,Bachelors/Family,Immediately
"1 BHK Flat  for Rent in Bettadasanapura Main Road, Bangalore","₹18,000",Furnished,1,260 sqft,Bachelors/Family,Immediately
"1 BHK Flat  for Rent in Sector 6 HSR Layout, Bangalore","₹18,000",Semi-Furnished,1,600 sqft,Bachelors/Family,Immediately
"1 BHK Flat  for Rent in Garudachar Palya, Mahadevapura, Bangalore","₹16,900",Semi-Furnished,1,600 sqft,Bachelors/Family,Immediately
"1 BHK Flat  for Rent in Stage 2nd Hal, Bangalore","₹25,000",Semi-Furnished,1,750 sqft,Bachelors/Family,Immediately
"1 BHK Flat  for Rent in Stage 2nd BTM Layout, Bangalore","₹26,000",Furnished,1,800 sqft,Bachelors/Family,Immediately
"1 BHK Flat  for Rent in Sector 7 HSR Layout, Bangalore","₹30,000",Semi-Furnished,1,550 sqft,Bachelors/Family,Immediately
"1 BHK Flat  for Rent in Sarjapura, Bangalore","₹29,000",Semi-Furnished,1,445 sqft,Bachelors/Family,Immediately
"1 BHK Flat  for Rent in Sarjapura, Bangalore","₹29,000",Semi-Furnished,1,448 sqft,Bachelors/Family,Immediately
"1 BHK Flat  for Rent in Munnekollal, Bangalore","₹13,500",Semi-Furnished,1,450 sqft,Bachelors/Family,Immediately
"1 BHK Flat  for Rent in Sector 6 HSR Layout, Bangalore","₹17,000",Semi-Furnished,1,600 sqft,Bachelors/Family,Immediately
1 BHK Flat  for Rent in  Bangalore,"₹6,250",Semi-Furnished,1,400 sqft,Bachelors/Family,Immediately
"1 BHK Flat  for Rent in Block 1st Koramangala, Bangalore","₹29,000",Semi-Furnished,1,600 sqft,Bachelors,Immediately
"1 BHK Flat  for Rent in Hebbal, Bangalore","₹6,500",Furnished,1,135 sqft,Bachelors/Family,Immediately
"1 BHK Flat  for Rent in Immadihalli Main Road, Bangalore","₹16,800",Semi-Furnished,1,550 sqft,Bachelors/Family,Immediately
"1 BHK Flat  for Rent in Hebbal, Bangalore","₹40,000",Furnished,1,500 sqft,Bachelors/Family,Immediately
"1 BHK Flat  for Rent in ITI Layout HSR Layout, Bangalore","₹16,000",Semi-Furnished,1,350 sqft,Bachelors,Immediately
"1 BHK Flat  for Rent in Sarjapura, Bangalore","₹28,000",Semi-Furnished,1,447 sqft,Bachelors/Family,Immediately
"1 BHK Flat  for Rent in Kadugodi, Bangalore","₹6,500",Unfurnished,1,300 sqft,Bachelors/Family,Immediately
"1 BHK Flat  for Rent in Nataraja Layout JP Nagar, Bangalore",Call for Price,Semi-Furnished,1,600 sqft,Bachelors,Immediately
"1 BHK Flat  for Rent in Rajajinagar, Bangalore","₹14,000",Furnished,1,650 sqft,Bachelors,Immediately
"1 BHK Flat  for Rent in Nallurhalli, Whitefield, Borewell Road, Bangalore","₹18,000",Semi-Furnished,1,Immediately,Bachelors,Same Premise
"1 BHK Flat  for Rent in Sarjapura, Bangalore","₹27,000",Semi-Furnished,1,442 sqft,Bachelors/Family,Immediately
"1 BHK Flat  for Rent in Phase 8th JP Nagar, Bangalore","₹16,000",Semi-Furnished,1,650 sqft,Bachelors,Immediately
"1 BHK Flat  for Rent in Vyalikaval HBCS Layout Nagavara, Bangalore","₹15,000",Semi-Furnished,1,500 sqft,Bachelors/Family,Immediately
"1 BHK Flat  for Rent in Jeevan Bima Nagar, Airport Road, Bangalore","₹16,800",Semi-Furnished,1,420 sqft,Bachelors,Immediately
"1 BHK Flat  for Rent in Sorahunase, Bangalore","₹10,000",Semi-Furnished,1,450 sqft,Bachelors/Family,Immediately
"1 BHK Flat  for Rent in Begur, Bangalore","₹31,000",Semi-Furnished,1,470 sqft,Bachelors/Family,Immediately
"1 BHK Flat  for Rent in Carmelaram, Bangalore","₹35,000",Furnished,1,699 sqft,Bachelors/Family,Immediately
"1 BHK Flat  for Rent in Jakkur, Bangalore","₹33,000",Furnished,1,305 sqft,Bachelors/Family,Immediately
"1 BHK Flat  for Rent in Electronic City, Bangalore","₹16,000",Furnished,1,622 sqft,Bachelors,Immediately
1 BHK Flat  for Rent in  Bangalore,"₹15,000",Semi-Furnished,1,400 sqft,Bachelors/Family,Immediately
"1 BHK Flat  for Rent in Immadihalli, Whitefield, Bangalore","₹8,500",Semi-Furnished,1,800 sqft,Bachelors/Family,Immediately
"1 BHK Flat  for Rent in Sarjapura, Bangalore","₹30,000",Semi-Furnished,1,445 sqft,Bachelors/Family,Immediately
"1 BHK Flat  for Rent in Sector 1st HSR Layout, Bangalore","₹35,000",Furnished,1,550 sqft,Bachelors,Immediately
"1 BHK Flat  for Rent in Cox Town, Bangalore","₹8,000",Unfurnished,1,Immediately,Family,Same Premise
"1 BHK Flat  for Rent in Hongasandra, Bangalore",Call for Price,Unfurnished,1,600 sqft,Bachelors/Family,Immediately
"1 BHK Flat  for Rent in KPC Layout Kasavanahalli, Bangalore","₹21,000",Unfurnished,1,500 sqft,Bachelors,Immediately
"1 BHK Flat  for Rent in Phase 5 JP Nagar, Bangalore","₹15,500",Semi-Furnished,1,400 sqft,Bachelors,Immediately
"1 BHK Flat  for Rent in Sunkadakatte, Bangalore","₹7,000",Furnished,1,250 sqft,Bachelors/Family,Immediately
"1 BHK Flat  for Rent in RT Nagar, Bangalore",Call for Price,Unfurnished,1,450 sqft,Bachelors/Family,Immediately
"1 BHK Flat  for Rent in Rajajinagar, Bangalore","₹16,000",Furnished,1,420 sqft,Bachelors,Immediately
"1 BHK Flat  for Rent in Stage 2nd BTM Layout, Bangalore","₹17,000",Semi-Furnished,1,700 sqft,Bachelors,Immediately
"1 BHK Flat  for Rent in Sector 3 HSR Layout, Bangalore","₹15,000",Unfurnished,1,490 sqft,Bachelors,Immediately
"1 BHK Flat  for Rent in Koramangala, Bangalore","₹22,500",Semi-Furnished,1,600 sqft,Bachelors/Family,Immediately
"1 BHK Flat  for Rent in D Costa Layout, Cooke Town, Bangalore","₹35,000",Furnished,1,700 sqft,Bachelors/Family,Immediately
"1 BHK Flat  for Rent in Laljinagar, Wilson Garden, Bangalore","₹15,000",Semi-Furnished,1,450 sqft,Bachelors/Family,Immediately
"1 BHK Flat  for Rent in Hsr Layout, Bangalore","₹21,000",Semi-Furnished,1,400 sqft,Bachelors,Immediately
"1 BHK Flat  for Rent in Domlur, Domlur, Bangalore","₹40,000",Semi-Furnished,1,700 sqft,Bachelors,Immediately
"1 BHK Flat  for Rent in Kogilu, Bangalore","₹26,500",Semi-Furnished,1,480 sqft,Bachelors/Family,Immediately
"1 BHK Flat  for Rent in Whitefield, Bangalore","₹14,000",Furnished,1,650 sqft,Bachelors,Immediately
"1 BHK Flat  for Rent in Huvinayakanahalli, Bangalore","₹18,000",Unfurnished,1,520 sqft,Bachelors/Family,Immediately
"1 BHK Flat  for Rent in Hennur Main Road, Bangalore","₹22,000",Semi-Furnished,1,700 sqft,Bachelors/Family,Immediately
"1 BHK Flat  for Rent in Agrahara Badavane, Bangalore","₹80,000",Furnished,1,1029 sqft,Bachelors/Family,Immediately
"1 BHK Flat  for Rent in Koramangala, Bangalore","₹16,000",Semi-Furnished,1,300 sqft,Bachelors/Family,Immediately
"1 BHK Flat  for Rent in Sathya Sai Layout, Whitefield, Bangalore","₹20,000",Furnished,1,600 sqft,Bachelors/Family,Immediately
"1 BHK Flat  for Rent in Dommasandra, Bangalore","₹12,000",Semi-Furnished,1,600 sqft,Bachelors,Immediately
"1 BHK Flat  for Rent in Kaikondrahalli, Bangalore","₹27,000",Furnished,1,590 sqft,Bachelors/Family,Immediately
"1 BHK Flat  for Rent in Thanisandra Main Road, Bangalore","₹14,000",Furnished,1,650 sqft,Bachelors,Immediately
"1 BHK Flat  for Rent in Sadaramangala, Bangalore","₹17,000",Semi-Furnished,1,550 sqft,Bachelors,Immediately
"1 BHK Flat  for Rent in Stage 1st Domlur, Bangalore",Call for Price,Semi-Furnished,1,Immediately,Bachelors/Family,Same Premise
"1 BHK Flat  for Rent in Mahalakshmi Layout, Bangalore","₹26,000",Furnished,1,400 sqft,Bachelors,Immediately
"1 BHK Flat  for Rent in Vishweshwaraiah Layout Akash Nagar, Bangalore","₹30,000",Semi-Furnished,1,375 sqft,Bachelors/Family,Immediately
"1 BHK Flat  for Rent in Varthur, Bangalore","₹14,000",Bachelors/Family,Immediately,NA,NA,NA
"1 BHK Flat  for Rent in Kanakapura Road, Bangalore","₹23,000",Semi-Furnished,1,527 sqft,Bachelors/Family,Immediately
"1 BHK Flat  for Rent in Marathahalli, Bangalore",Call for Price,Semi-Furnished,1,450 sqft,Bachelors/Family,Immediately
"1 BHK Flat  for Rent in Radha Reddy Layout, Bangalore","₹16,500",Semi-Furnished,1,1200 sqft,Bachelors/Family,Immediately
"1 BHK Flat  for Rent in Doddanekundi, Kartik Nagar, Bangalore","₹28,000",Furnished,1,700 sqft,Bachelors/Family,Immediately
"1 BHK Flat  for Rent in Indiranagar, Bangalore","₹23,000",Semi-Furnished,1,650 sqft,Bachelors,Immediately
"1 BHK Flat  for Rent in Panathur, Bangalore",Call for Price,Semi-Furnished,1,500 sqft,Bachelors/Family,Immediately
"1 BHK Flat  for Rent in Doddanekundi, Kartik Nagar, Bangalore","₹26,000",Furnished,1,620 sqft,Bachelors,Immediately
"1 BHK Flat  for Rent in Stage 1st Domlur, Bangalore","₹45,000",Semi-Furnished,1,600 sqft,Bachelors/Family,Immediately
"1 BHK Flat  for Rent in Hulimavu, Bangalore","₹18,000",Furnished,1,300 sqft,Bachelors,Immediately
"1 BHK Flat  for Rent in Block 8 Jaya Nagar, Bangalore","₹27,000",Unfurnished,1,550 sqft,Bachelors/Family,Immediately
"1 BHK Flat  for Rent in Borewell Road, Bangalore","₹16,000",Semi-Furnished,1,200 sqft,Bachelors,Immediately
"1 BHK Flat  for Rent in Sector 2 HSR Layout, Bangalore","₹21,000",Semi-Furnished,1,550 sqft,Bachelors,Immediately
"1 BHK Flat  for Rent in Pai Layout Mahadevapura, Bangalore","₹25,000",Semi-Furnished,1,600 sqft,Bachelors,Immediately
"1 BHK Flat  for Rent in Whitefield, Bangalore","₹17,000",Semi-Furnished,1,500 sqft,Bachelors/Family,Immediately
"1 BHK Flat  for Rent in Sector 5th HSR Layout, Bangalore","₹25,000",Semi-Furnished,1,700 sqft,Bachelors,Immediately
"1 BHK Flat  for Rent in AECS Layout Sanjayanagara, Bangalore","₹10,500",Semi-Furnished,1,600 sqft,Bachelors/Family,Immediately
"1 BHK Flat  for Rent in Murgesh Pallya, Bangalore","₹22,000",Semi-Furnished,1,600 sqft,Bachelors/Family,Immediately
"1 BHK Flat  for Rent in Kanakapura Road, Bangalore","₹18,000",Furnished,1,526 sqft,Bachelors/Family,Immediately
1 BHK Flat  for Rent in  Bangalore,"₹22,000",Furnished,1,450 sqft,Bachelors,Immediately
"1 BHK Flat  for Rent in Choodasandra, Bangalore","₹16,000",Semi-Furnished,1,600 sqft,Bachelors/Family,Immediately
"1 BHK Flat  for Rent in HAL Old Airport Road, Bangalore","₹23,000",Semi-Furnished,1,500 sqft,Bachelors,Immediately
"1 BHK Flat  for Rent in Karthik Nagar, Bangalore","₹23,000",Semi-Furnished,1,500 sqft,Bachelors,Immediately
"1 BHK Flat  for Rent in Marathahalli, Bangalore","₹23,000",Semi-Furnished,1,480 sqft,Bachelors,Immediately
"1 BHK Flat  for Rent in Kammanahalli, Bangalore","₹13,000",Semi-Furnished,1,700 sqft,Bachelors/Family,Immediately
"1 BHK Flat  for Rent in Kundalahalli, Brookefield, Bangalore","₹23,000",Furnished,1,750 sqft,Bachelors/Family,Immediately
"1 BHK Flat  for Rent in Sector 5th HSR Layout, Bangalore","₹30,000",Furnished,1,600 sqft,Bachelors/Family,Immediately
"1 BHK Flat  for Rent in J P Nagar, Bangalore","₹12,000",Furnished,1,650 sqft,Bachelors,Immediately
"1 BHK Flat  for Rent in Whitefield, Bangalore","₹12,000",Furnished,1,650 sqft,Bachelors,Immediately
"1 BHK Flat  for Rent in Vidyaranyapura Main Road, Bangalore","₹50,000",Semi-Furnished,1,600 sqft,Bachelors/Family,Immediately
"1 BHK Flat  for Rent in Thanisandra, Bangalore","₹13,000",Furnished,1,675 sqft,Bachelors/Family,Immediately
"1 BHK Flat  for Rent in Haralur Main Road, Bangalore","₹36,000",Semi-Furnished,1,565 sqft,Bachelors,From May '26
"1 BHK Flat  for Rent in Phase 2 Electronic City, Bangalore","₹6,500",Semi-Furnished,1,1200 sqft,Bachelors/Family,Immediately
"1 BHK Flat  for Rent in Brookefield, Bangalore","₹16,000",Semi-Furnished,1,200 sqft,Bachelors,Immediately
"1 BHK Flat  for Rent in Marathahalli, Bangalore","₹25,200",Furnished,1,550 sqft,Bachelors/Family,Immediately
"1 BHK Flat  for Rent in Doddanekundi, Kartik Nagar, Bangalore","₹26,000",Furnished,1,590 sqft,Bachelors,Immediately
"1 BHK Flat  for Rent in Pai Layout Mahadevapura, Bangalore","₹25,000",Semi-Furnished,1,590 sqft,Bachelors,Immediately
1 BHK Flat  for Rent in  Bangalore,"₹35,000",Furnished,1,450 sqft,Bachelors/Family,Immediately
"1 BHK Flat  for Rent in Saraipalya, Bangalore","₹11,000",Unfurnished,1,600 sqft,Bachelors,Immediately
"1 BHK Flat  for Rent in Thanisandra Main Road, Bangalore","₹14,000",Furnished,1,710 sqft,Bachelors,Immediately
"1 BHK Flat  for Rent in Hosa Road, off Hosur Road, Bangalore","₹8,000",Semi-Furnished,1,450 sqft,Bachelors/Family,Immediately
"1 BHK Flat  for Rent in Stage 2 Indiranagar, Bangalore","₹18,000",Semi-Furnished,1,600 sqft,Bachelors/Family,Immediately
"1 BHK Flat  for Rent in Kanaka Nagar Hebbal, Bangalore","₹12,000",Unfurnished,1,1200 sqft,Bachelors/Family,Immediately
"1 BHK Flat  for Rent in Kudlu Gate, Bangalore","₹22,000",Semi-Furnished,1,550 sqft,Bachelors/Family,Immediately
"1 BHK Flat  for Rent in Indiranagar, Bangalore","₹25,000",Semi-Furnished,1,600 sqft,Bachelors/Family,Immediately
"1 BHK Flat  for Rent in Hosa Road, off Hosur Road, Bangalore",₹8 Lac,Semi-Furnished,1,730 sqft,Bachelors/Family,Immediately
"1 BHK Flat  for Rent in Phase 1 Electronics City, Bangalore","₹31,000",Semi-Furnished,1,618 sqft,Bachelors/Family,Immediately
"1 BHK Flat  for Rent in Immadihalli Main Road, Bangalore","₹26,500",Furnished,1,395 sqft,Bachelors,Immediately
"1 BHK Flat  for Rent in Marathahalli, Bangalore","₹16,000",Semi-Furnished,1,550 sqft,Bachelors,Immediately
"1 BHK Flat  for Rent in Kamakshipalya, Outer Ring Road, Bangalore","₹10,500",Unfurnished,1,600 sqft,Bachelors/Family,Immediately
"1 BHK Flat  for Rent in Electronic City, Bangalore","₹12,500",Semi-Furnished,1,500 sqft,Bachelors/Family,Immediately
"1 BHK Flat  for Rent in Kogilu, Bangalore","₹25,000",Semi-Furnished,1,420 sqft,Bachelors,Immediately
"1 BHK Flat  for Rent in Attibele, Bangalore",Call for Price,Semi-Furnished,1,480 sqft,Bachelors/Family,Immediately
"1 BHK Flat  for Rent in Green Glen Layout, Bellandur, Bangalore","₹30,000",Semi-Furnished,1,890 sqft,Bachelors/Family,Immediately
1 BHK Flat  for Rent in  Bangalore,"₹15,000",Furnished,2,645 sqft,Bachelors,Immediately
"1 BHK Flat  for Rent in Hsr Layout, Bangalore","₹27,000",Semi-Furnished,1,550 sqft,Bachelors/Family,Immediately
"1 BHK Flat  for Rent in Electronic City, Bangalore","₹17,000",Furnished,1,350 sqft,Bachelors/Family,Immediately
"1 BHK Flat  for Rent in Krishnarajapura, Bangalore","₹37,000",Semi-Furnished,1,770 sqft,Bachelors,Immediately
"1 BHK Flat  for Rent in Phase 2 Bedarahalli, Bangalore",Call for Price,Semi-Furnished,1,300 sqft,Bachelors/Family,Immediately
"1 BHK Flat  for Rent in Seegehalli Krishnarajapura, Bangalore","₹10,000",Unfurnished,1,500 sqft,Bachelors/Family,Immediately
"1 BHK Flat  for Rent in Whitefield, Bangalore","₹18,000",Semi-Furnished,1,580 sqft,Bachelors,Immediately
"1 BHK Flat  for Rent in Akshayanagara East, Bangalore","₹18,000",Furnished,1,450 sqft,Bachelors/Family,Immediately
"1 BHK Flat  for Rent in Hagadur, Bangalore","₹15,000",Semi-Furnished,1,580 sqft,Bachelors/Family,Immediately
"1 BHK Flat  for Rent in Panathur, Bangalore","₹32,000",Semi-Furnished,1,645 sqft,Bachelors,Immediately
"1 BHK Flat  for Rent in Kadabeesanahalli, Bangalore","₹25,000",Semi-Furnished,1,700 sqft,Bachelors,Immediately
"1 BHK Flat  for Rent in Block 1st Koramangala, Bangalore","₹27,000",Semi-Furnished,1,1000 sqft,Bachelors/Family,Immediately
"1 BHK Flat  for Rent in Hulimangala Road, Bangalore","₹11,000",Semi-Furnished,1,650 sqft,Bachelors,Immediately
"1 BHK Flat  for Rent in RK Hegde Nagar, Bangalore","₹14,000",Semi-Furnished,2,600 sqft,Family,Immediately
"1 BHK Flat  for Rent in Byatarayanapura, Bangalore","₹41,000",Unfurnished,1,425 sqft,Bachelors,Immediately
"1 BHK Flat  for Rent in Begur Road, Bangalore","₹15,500",Furnished,1,650 sqft,Bachelors/Family,Immediately
"1 BHK Flat  for Rent in Hanumanthappa Layout-Kyalasanahalli, Bangalore",₹7 Lac,Semi-Furnished,1,400 sqft,Bachelors/Family,Immediately
"1 BHK Flat  for Rent in Dommasandra, Bangalore","₹10,000",Furnished,1,666 sqft,Bachelors/Family,Immediately
"1 BHK Flat  for Rent in Panathur, Bangalore","₹35,000",Semi-Furnished,1,550 sqft,Bachelors/Family,Immediately
"1 BHK Flat  for Rent in Stage 2nd BTM Layout, Bangalore","₹13,000",Semi-Furnished,1,1000 sqft,Bachelors,Immediately
"1 BHK Flat  for Rent in Stage 2nd BTM Layout, Bangalore","₹15,000",Unfurnished,1,1200 sqft,Bachelors,Immediately
"1 BHK Flat  for Rent in Marathahalli, Bangalore","₹14,000",Furnished,1,630 sqft,Bachelors,Immediately
"1 BHK Flat  for Rent in Electronic City, Bangalore","₹12,500",Semi-Furnished,1,400 sqft,Bachelors,Immediately
"1 BHK Flat  for Rent in Uttarahalli Hobli, Bangalore","₹26,000",Furnished,1,450 sqft,Bachelors,Immediately
"1 BHK Flat  for Rent in Hulimavu, Bangalore","₹17,000",Furnished,1,700 sqft,Bachelors/Family,Immediately
"1 BHK Flat  for Rent in A Narayanapura, Mahadevapura, Bangalore","₹16,000",Semi-Furnished,1,500 sqft,Bachelors/Family,Immediately
1 BHK Flat  for Rent in  Bangalore,"₹27,000",Furnished,1,800 sqft,Bachelors/Family,Immediately
"1 BHK Flat  for Rent in Hadosiddapura, Chikkakannalli, Bangalore","₹18,000",Semi-Furnished,1,450 sqft,Bachelors/Family,Immediately
"1 BHK Flat  for Rent in CV Raman Nagar Kaggadasapura, Bangalore","₹9,000",Furnished,1,550 sqft,Bachelors/Family,Immediately
"1 BHK Flat  for Rent in Bellandur, Outer Ring Road, Bangalore","₹19,000",Semi-Furnished,1,490 sqft,Bachelors,Immediately
"1 BHK Flat  for Rent in Kachanayakanahalli, Bommasandra, Bangalore","₹6,000",Unfurnished,1,240 sqft,Bachelors/Family,Immediately
"1 BHK Flat  for Rent in Mavalli, Bangalore",Call for Price,Unfurnished,1,600 sqft,Bachelors/Family,Immediately
"1 BHK Flat  for Rent in Sarjapura, Bangalore","₹28,000",Semi-Furnished,1,447 sqft,Bachelors,Immediately
"1 BHK Flat  for Rent in Panathur Main Road, Bangalore","₹40,000",Furnished,1,645 sqft,Bachelors/Family,Immediately
"1 BHK Flat  for Rent in Green Glen Layout, Bellandur, Bangalore","₹29,000",Semi-Furnished,1,Immediately,Bachelors/Family,Same Premise
"1 BHK Flat  for Rent in Kadabeesanahalli, Bangalore","₹23,000",Semi-Furnished,1,600 sqft,Bachelors,Immediately
"1 BHK Flat  for Rent in Btm Layout, Bangalore","₹17,999",Furnished,1,530 sqft,Bachelors,Immediately
"1 BHK Flat  for Rent in Panathur, Bangalore","₹27,000",Semi-Furnished,1,700 sqft,Bachelors,Immediately
"1 BHK Flat  for Rent in Whitefield, Bangalore","₹24,000",Furnished,1,200 sqft,Bachelors,Immediately
"1 BHK Flat  for Rent in Sun City Layout, Bangalore","₹19,999",Semi-Furnished,1,600 sqft,Bachelors/Family,Immediately
"1 BHK Flat  for Rent in Stage 2 Indiranagar, Bangalore","₹23,500",Semi-Furnished,1,350 sqft,Bachelors,Immediately
"1 BHK Flat  for Rent in Chikka Banaswadi, Banaswadi, Bangalore","₹32,000",Furnished,1,705 sqft,Bachelors/Family,Immediately
"1 BHK Flat  for Rent in Neeladri Nagar, Bangalore",₹3 Lac,Unfurnished,1,350 sqft,Bachelors/Family,Immediately
"1 BHK Flat  for Rent in Stage 2 Indiranagar, Bangalore","₹22,000",Semi-Furnished,1,502 sqft,Bachelors/Family,Immediately
"1 BHK Flat  for Rent in RR Nagar, Bangalore","₹35,000",Furnished,1,500 sqft,Bachelors,Immediately
"1 BHK Flat  for Rent in Whitefield, Bangalore","₹15,000",Furnished,1,587 sqft,Bachelors/Family,Immediately
"1 BHK Flat  for Rent in Gunjur, Bangalore","₹11,500",Semi-Furnished,1,500 sqft,Bachelors/Family,Immediately
"1 BHK Flat  for Rent in Stage 2 Indiranagar, Bangalore","₹37,000",Furnished,1,602 sqft,Bachelors/Family,Immediately
"1 BHK Flat  for Rent in New Tippasandra, Bangalore","₹20,000",Semi-Furnished,1,575 sqft,Bachelors/Family,Immediately
"1 BHK Flat  for Rent in Neeladri Nagar, Bangalore","₹21,250",Furnished,1,650 sqft,Bachelors/Family,Immediately
"1 BHK Flat  for Rent in Nallurhalli, Whitefield, Borewell Road, Bangalore","₹21,500",Semi-Furnished,1,550 sqft,Bachelors,Immediately
"1 BHK Flat  for Rent in Siddappa Layout Immadihalli, Bangalore","₹13,000",Semi-Furnished,1,550 sqft,Bachelors,Immediately
"1 BHK Flat  for Rent in Immadihalli, Whitefield, Bangalore","₹16,500",Unfurnished,1,500 sqft,Bachelors/Family,Immediately
1 BHK Flat  for Rent in  Bangalore,"₹16,500",Semi-Furnished,1,500 sqft,Bachelors/Family,Immediately
"1 BHK Flat  for Rent in Anchepalya, Bangalore","₹27,000",Semi-Furnished,1,485 sqft,Bachelors/Family,Immediately
"1 BHK Flat  for Rent in Siddapura, Bangalore","₹19,000",Semi-Furnished,1,450 sqft,Bachelors,From Apr '26
"1 BHK Flat  for Rent in Rajajinagar, Bangalore","₹14,000",Furnished,1,650 sqft,Bachelors/Family,Immediately
"1 BHK Flat  for Rent in Stage 2 Indiranagar, Bangalore","₹25,000",Semi-Furnished,1,450 sqft,Bachelors,Immediately
"1 BHK Flat  for Rent in Stage 4 Basaveshwar Nagar, Bangalore","₹15,000",Semi-Furnished,1,800 sqft,Bachelors/Family,Immediately
"1 BHK Flat  for Rent in Stage 2 Indiranagar, Bangalore","₹36,000",Furnished,1,Immediately,Bachelors/Family,Same Premise
"1 BHK Flat  for Rent in Stage 2 Indiranagar, Bangalore","₹39,000",Semi-Furnished,1,620 sqft,Bachelors/Family,Immediately
"1 BHK Flat  for Rent in Hsr Layout, Bangalore","₹25,000",Semi-Furnished,1,500 sqft,Bachelors/Family,Immediately
"1 BHK Flat  for Rent in Btm Layout, Bangalore","₹15,000",Semi-Furnished,1,460 sqft,Bachelors,Immediately
"1 BHK Flat  for Rent in Electronic City, Bangalore","₹9,000",Semi-Furnished,1,550 sqft,Bachelors/Family,Immediately
"1 BHK Flat  for Rent in Kodichikknahalli Seenappa Layout Bommanahalli, Bangalore","₹13,000",Semi-Furnished,1,800 sqft,Bachelors/Family,Immediately
1 BHK Flat  for Rent in  Bangalore,"₹25,000",Furnished,1,400 sqft,Bachelors/Family,Immediately
"1 BHK Flat  for Rent in Sarjapura, Bangalore","₹28,000",Semi-Furnished,1,464 sqft,Bachelors/Family,Immediately
"1 BHK Flat  for Rent in Phase 2 Electronic City, Bangalore","₹36,000",Semi-Furnished,1,800 sqft,Bachelors,Immediately
"1 BHK Flat  for Rent in Whitefield, Bangalore","₹12,000",Furnished,1,650 sqft,Bachelors,Immediately
"1 BHK Flat  for Rent in Panathur, Bangalore","₹35,000",Semi-Furnished,1,456 sqft,Bachelors/Family,Immediately
"1 BHK Flat  for Rent in Koramangala, Bangalore","₹12,000",Furnished,1,650 sqft,Bachelors,Immediately
"1 BHK Flat  for Rent in Varthur, Bangalore","₹38,000",Semi-Furnished,1,485 sqft,Bachelors,Immediately
1 BHK Flat  for Rent in  Bangalore,"₹17,000",Semi-Furnished,1,650 sqft,Bachelors/Family,Immediately
"1 BHK Flat  for Rent in Chikkabidarakallu, Bangalore","₹29,000",Semi-Furnished,1,550 sqft,Bachelors/Family,Immediately
"1 BHK Flat  for Rent in Aecs Layout-Singasandra, Singasandra, Hosur Road, Bangalore","₹11,000",Semi-Furnished,1,650 sqft,Bachelors/Family,Immediately
1 BHK Flat  for Rent in  Bangalore,Call for Price,Semi-Furnished,1,Ground out of 4,Bachelors/Family,Immediately
"1 BHK Flat  for Rent in Hsr Layout, Bangalore","₹14,000",Furnished,2,580 sqft,Bachelors/Family,Immediately
"1 BHK Flat  for Rent in Whitefield, Bangalore","₹17,000",Semi-Furnished,1,500 sqft,Bachelors,Immediately
"1 BHK Flat  for Rent in Attibele, Bangalore","₹6,500",Semi-Furnished,1,800 sqft,Bachelors/Family,Immediately
"1 BHK Flat  for Rent in Phase 2 Electronic City, Bangalore","₹9,000",Unfurnished,1,450 sqft,Bachelors/Family,Immediately
"1 BHK Flat  for Rent in Mahalakshmipuram Layout, Mahalakshmipuram, Bangalore","₹20,000",Semi-Furnished,1,400 sqft,Bachelors/Family,From May '26
"1 BHK Flat  for Rent in Ibbaluru, Bangalore","₹29,000",Furnished,1,400 sqft,Bachelors/Family,Immediately
"1 BHK Flat  for Rent in Hebbal, Bangalore","₹24,000",Bachelors/Family,Immediately,NA,655 sqft,NA
"1 BHK Flat  for Rent in Thanisandra, Bangalore","₹33,000",Semi-Furnished,1,678 sqft,Bachelors/Family,Immediately
"1 BHK Flat  for Rent in Stage 2 Indiranagar, Bangalore","₹36,000",Furnished,1,650 sqft,Bachelors/Family,Immediately
"1 BHK Flat  for Rent in Btm Layout, Bangalore","₹25,000",Furnished,1,800 sqft,Bachelors/Family,Immediately
"1 BHK Flat  for Rent in Stage 1 BTM Layout, Bangalore","₹31,000",Furnished,1,900 sqft,Bachelors/Family,From Apr '26
"1 BHK Flat  for Rent in Teachers Colony -Hsr Layout, HSR Layout, Bangalore","₹25,000",Semi-Furnished,1,550 sqft,Bachelors,Immediately
"1 BHK Flat  for Rent in Whitefield, Bangalore","₹15,500",Semi-Furnished,1,600 sqft,Bachelors/Family,Immediately
"1 BHK Flat  for Rent in Varthur, Bangalore","₹39,000",Semi-Furnished,1,485 sqft,Bachelors,Immediately
"1 BHK Flat  for Rent in Bagaluru, Bangalore","₹23,000",Semi-Furnished,1,500 sqft,Bachelors/Family,Immediately
"1 BHK Flat  for Rent in Richmond Town, Richmond Town, Bangalore","₹40,000",Semi-Furnished,1,570 sqft,Bachelors/Family,Immediately
"1 BHK Flat  for Rent in Sector 3 HSR Layout, Bangalore","₹21,000",Semi-Furnished,1,600 sqft,Bachelors,Immediately
"1 BHK Flat  for Rent in Vignan Nagar, Bangalore","₹22,000",Semi-Furnished,1,500 sqft,Bachelors,Immediately
"1 BHK Flat  for Rent in Electronic City, Bangalore","₹10,500",Semi-Furnished,1,400 sqft,Bachelors/Family,Immediately
"1 BHK Flat  for Rent in Bagaluru, Bangalore","₹22,000",Semi-Furnished,1,650 sqft,Bachelors/Family,Immediately
"1 BHK Flat  for Rent in Koramangala, Bangalore","₹40,000",Furnished,1,900 sqft,Bachelors/Family,Immediately
"1 BHK Flat  for Rent in Whitefield, Bangalore","₹12,000",Unfurnished,1,500 sqft,Bachelors/Family,Immediately
"1 BHK Flat  for Rent in Whitefield, Bangalore","₹16,500",Semi-Furnished,1,500 sqft,Bachelors/Family,Immediately
"1 BHK Flat  for Rent in Varthur, Bangalore","₹35,000",Semi-Furnished,1,335 sqft,Bachelors/Family,Immediately
"1 BHK Flat  for Rent in Classic Paradise Layout, Bangalore","₹22,000",Furnished,1,670 sqft,Family,From May '26
"1 BHK Flat  for Rent in Sector 5th HSR Layout, Bangalore","₹16,000",Semi-Furnished,1,500 sqft,Bachelors,Immediately
"1 BHK Flat  for Rent in Indiranagar, Bangalore","₹21,000",Furnished,1,550 sqft,Bachelors,Immediately
"1 BHK Flat  for Rent in Shan Boga Colony, Bangalore","₹40,000",Semi-Furnished,1,600 sqft,Bachelors/Family,Immediately
"1 BHK Flat  for Rent in J P Nagar, Bangalore","₹12,000",Furnished,1,650 sqft,Bachelors,Immediately
"1 BHK Flat  for Rent in Electronic City, Bangalore","₹12,000",Furnished,1,650 sqft,Bachelors,Immediately
"1 BHK Flat  for Rent in Manjunatha Layout Munnekollal, Bangalore","₹19,000",Furnished,1,500 sqft,Bachelors/Family,Immediately
"1 BHK Flat  for Rent in Kadabeesanahalli, Bangalore","₹23,000",Semi-Furnished,1,510 sqft,Bachelors/Family,Immediately
"1 BHK Flat  for Rent in Stage 2nd BTM Layout, Bangalore","₹11,000",Semi-Furnished,1,900 sqft,Bachelors,Immediately
"1 BHK Flat  for Rent in Stage 6th Banashankari, Bangalore","₹22,000",Unfurnished,1,410 sqft,Bachelors/Family,Immediately
"1 BHK Flat  for Rent in Bellandur Lake Road, Bangalore","₹23,000",Semi-Furnished,1,520 sqft,Bachelors/Family,Immediately
"1 BHK Flat  for Rent in Bellandur Lake Road, Bangalore","₹17,500",Furnished,1,500 sqft,Bachelors/Family,Immediately
"1 BHK Flat  for Rent in Kadabeesanahalli, Bangalore","₹20,000",Furnished,1,500 sqft,Bachelors/Family,Immediately
"1 BHK Flat  for Rent in Phase 8th JP Nagar, Bangalore","₹12,000",Semi-Furnished,1,800 sqft,Bachelors/Family,Immediately
"1 BHK Flat  for Rent in Whitefield, Bangalore","₹25,000",Furnished,1,560 sqft,Bachelors/Family,From Apr '26
"1 BHK Flat  for Rent in Gummanahalli, Bangalore","₹22,000",Semi-Furnished,1,480 sqft,Bachelors/Family,Immediately
"1 BHK Flat  for Rent in Koramangala, Bangalore","₹14,000",Furnished,1,650 sqft,Bachelors,Immediately
"1 BHK Flat  for Rent in Nallurhalli, Whitefield, Borewell Road, Bangalore","₹18,000",Semi-Furnished,1,600 sqft,Bachelors/Family,Immediately
"1 BHK Flat  for Rent in Akshayanagar, Bangalore","₹30,000",Semi-Furnished,1,684 sqft,Bachelors/Family,Immediately
"1 BHK Flat  for Rent in Electronic City, Bangalore","₹14,500",Semi-Furnished,1,300 sqft,Bachelors/Family,Immediately
"1 BHK Flat  for Rent in Koramangala, Bangalore","₹35,000",Semi-Furnished,1,730 sqft,Bachelors,From Apr '26
"1 BHK Flat  for Rent in Hoodi, Hoodi, Bangalore","₹30,000",Semi-Furnished,1,695 sqft,Bachelors/Family,Immediately
"1 BHK Flat  for Rent in Vidyaranyapura, Bangalore","₹4,000",Semi-Furnished,1,400 sqft,Bachelors/Family,Immediately
"1 BHK Flat  for Rent in Alur, Bangalore","₹4,500",Furnished,1,500 sqft,Bachelors/Family,Immediately
1 BHK Flat  for Rent in  Bangalore,"₹21,000",Furnished,1,200 sqft,Bachelors/Family,Immediately
"1 BHK Flat  for Rent in Whitefield, Bangalore","₹40,000",Semi-Furnished,1,700 sqft,Bachelors,Immediately
"1 BHK Flat  for Rent in Phase 5 JP Nagar, Bangalore","₹17,000",Semi-Furnished,1,500 sqft,Bachelors,Immediately
"1 BHK Flat  for Rent in Basaveshwar Nagar, Bangalore","₹30,000",Furnished,1,450 sqft,Bachelors,Immediately
"1 BHK Flat  for Rent in Kodigehalli Thindlu Main Road, Bangalore",₹1 Lac,Semi-Furnished,1,650 sqft,Bachelors,Immediately
"1 BHK Flat  for Rent in HSR Extension, Bangalore","₹26,000",Furnished,1,590 sqft,Bachelors,Immediately
"1 BHK Flat  for Rent in Sarjapur Road, Bangalore","₹30,000",Semi-Furnished,1,685 sqft,Bachelors/Family,Immediately
"1 BHK Flat  for Rent in Whitefield, Bangalore","₹25,000",Semi-Furnished,1,600 sqft,Bachelors/Family,Immediately
"1 BHK Flat  for Rent in Basapura, Bangalore","₹20,000",Semi-Furnished,1,575 sqft,Bachelors,Immediately
"1 BHK Flat  for Rent in Kasturi Nagar, Bangalore","₹8,000",Semi-Furnished,1,500 sqft,Bachelors/Family,Immediately
"1 BHK Flat  for Rent in Bommanahalli, Bangalore","₹8,500",Semi-Furnished,1,600 sqft,Bachelors/Family,Immediately
"1 BHK Flat  for Rent in Naidu Layout Electronic City, Bangalore","₹25,000",Furnished,1,700 sqft,Bachelors/Family,Immediately
"1 BHK Flat  for Rent in Whitefield Main Road, Bangalore","₹20,000",Semi-Furnished,1,500 sqft,Bachelors/Family,Immediately
"1 BHK Flat  for Rent in Phase 2 Ananth Nagar, Bangalore","₹14,000",Semi-Furnished,1,555 sqft,Bachelors/Family,Immediately
"1 BHK Flat  for Rent in Jeevanhalli, Bangalore",Call for Price,Unfurnished,1,600 sqft,Bachelors/Family,Immediately
"1 BHK Flat  for Rent in Hsr Layout, Bangalore","₹38,000",Semi-Furnished,1,1200 sqft,Bachelors,Immediately
"1 BHK Flat  for Rent in KR Layout, Bangalore","₹30,000",Semi-Furnished,1,500 sqft,Bachelors/Family,Immediately
1 BHK Flat  for Rent in  Bangalore,"₹27,000",Semi-Furnished,1,500 sqft,Bachelors/Family,Immediately
"1 BHK Flat  for Rent in Jigani, Bangalore","₹8,000",Semi-Furnished,1,650 sqft,Bachelors/Family,Immediately
"1 BHK Flat  for Rent in Neeladri Investment Layout, Bangalore","₹15,000",Semi-Furnished,1,365 sqft,Bachelors/Family,Immediately
"1 BHK Flat  for Rent in Stage 2 Domlur, Bangalore","₹12,000",Semi-Furnished,1,300 sqft,Bachelors/Family,Immediately
"1 BHK Flat  for Rent in Bannerghatta Main Road, Bangalore","₹32,000",Semi-Furnished,1,630 sqft,Bachelors,Immediately
"1 BHK Flat  for Rent in Sector 2 HSR Layout, Bangalore","₹33,000",Semi-Furnished,1,700 sqft,Bachelors,Immediately
"1 BHK Flat  for Rent in Adugodi, Bangalore","₹14,000",Unfurnished,1,600 sqft,Bachelors/Family,Immediately
"1 BHK Flat  for Rent in Sathya Sai Layout, Whitefield, Bangalore","₹17,000",Semi-Furnished,1,600 sqft,Bachelors/Family,Immediately
"1 BHK Flat  for Rent in Bellandur, Outer Ring Road, Bangalore","₹16,000",Semi-Furnished,1,500 sqft,Bachelors/Family,Immediately
"1 BHK Flat  for Rent in Bellandur, Outer Ring Road, Bangalore","₹23,000",Semi-Furnished,1,500 sqft,Bachelors,Immediately
"1 BHK Flat  for Rent in Whitefield, Bangalore","₹25,500",Furnished,1,500 sqft,Bachelors,Immediately
"1 BHK Flat  for Rent in Bellandur, Outer Ring Road, Bangalore","₹18,000",Semi-Furnished,1,550 sqft,Bachelors/Family,Immediately
"1 BHK Flat  for Rent in Krishnarajapura, Bangalore","₹25,000",Semi-Furnished,2,1065 sqft,Bachelors,Immediately
"1 BHK Flat  for Rent in Bellandur, Outer Ring Road, Bangalore","₹16,000",Semi-Furnished,1,550 sqft,Bachelors,Immediately
"1 BHK Flat  for Rent in Varthur, Bangalore","₹38,000",Semi-Furnished,1,615 sqft,Bachelors,Immediately
"1 BHK Flat  for Rent in Sector 5th HSR Layout, Bangalore","₹25,000",Semi-Furnished,1,700 sqft,Bachelors,Immediately
1 BHK Flat  for Rent in  Bangalore,"₹30,000",Furnished,1,500 sqft,Bachelors/Family,Immediately
"1 BHK Flat  for Rent in Whitefield, Bangalore","₹45,000",Semi-Furnished,1,450 sqft,Bachelors/Family,From May '26
"1 BHK Flat  for Rent in Defence Colony Indiranagar, Bangalore","₹30,000",Furnished,1,750 sqft,Bachelors/Family,Immediately
"1 BHK Flat  for Rent in Borewell Road, Bangalore","₹20,000",Semi-Furnished,1,569 sqft,Bachelors,Immediately
"1 BHK Flat  for Rent in Munireddy Layout Kadubeesanahalli, Bangalore","₹21,890",Semi-Furnished,1,600 sqft,Bachelors/Family,Immediately
"1 BHK Flat  for Rent in Budigere, Bangalore","₹25,000",Semi-Furnished,1,664 sqft,Bachelors,Immediately
"1 BHK Flat  for Rent in Vijayanagar, Bangalore","₹17,000",Semi-Furnished,1,650 sqft,Bachelors,Immediately
1 BHK Flat  for Rent in  Bangalore,"₹16,500",Semi-Furnished,1,600 sqft,Bachelors,Immediately
"1 BHK Flat  for Rent in Whitefield, Bangalore","₹15,000",Furnished,1,710 sqft,Bachelors/Family,Immediately
"1 BHK Flat  for Rent in Huvinayakanahalli, Bangalore","₹20,000",Semi-Furnished,1,536 sqft,Bachelors/Family,Immediately
"1 BHK Flat  for Rent in Stage 1st Domlur, Bangalore","₹35,000",Furnished,1,500 sqft,Bachelors/Family,Immediately
"1 BHK Flat  for Rent in Btm Layout, Bangalore","₹13,500",Semi-Furnished,1,777 sqft,Bachelors,Immediately
"1 BHK Flat  for Rent in Begur Road, Bangalore","₹31,000",Semi-Furnished,1,644 sqft,Bachelors,Immediately
"1 BHK Flat  for Rent in Neeladri Nagar, Bangalore","₹15,500",Furnished,1,1100 sqft,Bachelors/Family,Immediately
"1 BHK Flat  for Rent in Mahadevapura, Bangalore","₹15,000",Furnished,1,500 sqft,Bachelors/Family,Immediately
"1 BHK Flat  for Rent in Nagavarapalya Main Road, Bangalore","₹25,000",Furnished,1,600 sqft,Bachelors/Family,Immediately
1 BHK Flat  for Rent in  Bangalore,"₹15,000",Semi-Furnished,1,700 sqft,Bachelors,Immediately
1 BHK Flat  for Rent in  Bangalore,"₹20,000",Semi-Furnished,1,700 sqft,Bachelors/Family,Immediately
1 BHK Flat  for Rent in  Bangalore,"₹27,000",Furnished,1,700 sqft,Bachelors,Immediately
1 BHK Flat  for Rent in  Bangalore,"₹27,000",Furnished,1,750 sqft,Bachelors,Immediately
1 BHK Flat  for Rent in  Bangalore,"₹30,000",Furnished,1,750 sqft,Bachelors,Immediately
"1 BHK Flat  for Rent in Sector 2 HSR Layout, Bangalore","₹23,000",Semi-Furnished,1,750 sqft,Bachelors,Immediately
"1 BHK Flat  for Rent in Hagadur Main Road, Bangalore","₹16,500",Semi-Furnished,1,500 sqft,Bachelors,Immediately
"1 BHK Flat  for Rent in Neeladri Investment Layout, Bangalore","₹16,000",Semi-Furnished,1,450 sqft,Bachelors/Family,Immediately
"1 BHK Flat  for Rent in Whitefield, Bangalore","₹14,000",Semi-Furnished,1,500 sqft,Bachelors,Immediately
"1 BHK Flat  for Rent in Sector 1st HSR Layout, Bangalore","₹36,000",Semi-Furnished,1,800 sqft,Bachelors,Immediately
"1 BHK Flat  for Rent in Basapura, Bangalore","₹11,500",Semi-Furnished,1,450 sqft,Bachelors/Family,Immediately
"1 BHK Flat  for Rent in Hennur Main Road, Bangalore","₹13,000",Furnished,1,650 sqft,Bachelors,Immediately
"1 BHK Flat  for Rent in Mathikere, Bangalore","₹10,000",Semi-Furnished,1,650 sqft,Bachelors,Immediately
"1 BHK Flat  for Rent in Bellandur, Outer Ring Road, Bangalore","₹23,000",Semi-Furnished,1,600 sqft,Bachelors,Immediately
"1 BHK Flat  for Rent in Green Glen Layout, Bellandur, Bangalore","₹25,000",Semi-Furnished,1,650 sqft,Bachelors,Immediately
"1 BHK Flat  for Rent in Bellandur, Outer Ring Road, Bangalore","₹21,000",Semi-Furnished,1,600 sqft,Bachelors,Immediately
"1 BHK Flat  for Rent in Marathahalli, Bangalore","₹14,000",Furnished,1,650 sqft,Bachelors,Immediately
"1 BHK Flat  for Rent in Electronic City, Bangalore","₹33,000",Furnished,1,450 sqft,Bachelors/Family,Immediately
"1 BHK Flat  for Rent in Whitefield Main Road, Bangalore","₹20,000",Semi-Furnished,1,500 sqft,Bachelors,Immediately
"1 BHK Flat  for Rent in Yelahanka New Town, Bangalore","₹10,000",Unfurnished,1,600 sqft,Bachelors/Family,Immediately
"1 BHK Flat  for Rent in Gunjur Balagere Road, Bangalore","₹18,000",Semi-Furnished,1,415 sqft,Bachelors/Family,Immediately
"1 BHK Flat  for Rent in Kalkere, Bangalore","₹75,000",Semi-Furnished,1,600 sqft,Bachelors/Family,Immediately
"1 BHK Flat  for Rent in Koramangala, Bangalore","₹12,000",Furnished,1,650 sqft,Bachelors,Immediately
"1 BHK Flat  for Rent in Stage 2 Indiranagar, Bangalore","₹30,000",Semi-Furnished,1,800 sqft,Bachelors,Immediately
"1 BHK Flat  for Rent in ITI Layout HSR Layout, Bangalore","₹38,000",Furnished,1,550 sqft,Bachelors/Family,Immediately
"1 BHK Flat  for Rent in Sarjapura, Bangalore",Call for Price,Furnished,1,300 sqft,Bachelors/Family,Immediately
"1 BHK Flat  for Rent in Rayasandra, Bangalore","₹26,000",Semi-Furnished,2,650 sqft,Bachelors/Family,Immediately
1 BHK Flat  for Rent in  Bangalore,"₹10,000",Semi-Furnished,1,450 sqft,Bachelors/Family,Immediately
"1 BHK Flat  for Rent in Stage 1 BTM Layout, Bangalore","₹12,000",Unfurnished,1,350 sqft,Bachelors/Family,Immediately
"1 BHK Flat  for Rent in Whitefield, Bangalore","₹25,000",Semi-Furnished,1,415 sqft,Bachelors,From Apr '26
"1 BHK Flat  for Rent in Sarjapur Road, Bangalore","₹13,000",Semi-Furnished,1,450 sqft,Bachelors,Immediately
"1 BHK Flat  for Rent in Stage 2 Indiranagar, Bangalore","₹37,000",Furnished,1,603 sqft,Bachelors/Family,Immediately
"1 BHK Flat  for Rent in Block 1st Koramangala, Bangalore","₹13,000",Semi-Furnished,1,400 sqft,Bachelors/Family,Immediately
1 BHK Flat  for Rent in  Bangalore,"₹13,500",Semi-Furnished,1,140 sqft,Bachelors/Family,Immediately
"1 BHK Flat  for Rent in Mahatma Gandhi Road, Bangalore","₹42,000",Semi-Furnished,1,650 sqft,Bachelors/Family,Immediately
"1 BHK Flat  for Rent in Phase 1 Electronics City, Bangalore","₹23,800",Furnished,1,550 sqft,Bachelors/Family,Immediately
